Workbook
Name NativeTimeline_日期: #N/A

Sheet 会议达成统计 (日)
A1: 责任人 | B1: 45047 | C1: =B1+1 -> 45048 | D1: =C1+1 -> 45049 | E1: =D1+1 -> 45050 | F1: =E1+1 -> 45051 | G1: =F1+1 -> 45052 | H1: =G1+1 -> 45053 | I1: =H1+1 -> 45054 | J1: =I1+1 -> 45055 | ... AF1: =AE1+1 -> 45077 | AG1: 合计
A2: 日稽核V | B2: =COUNTIFS('流水帐（会议记录）'!$K:$K,"V",'流水帐（会议记录）'!$H:$H,B$1) -> 0 | C2: =COUNTIFS('流水帐（会议记录）'!$K:$K,"V",'流水帐（会议记录）'!$H:$H,C$1) -> 0 | D2: =COUNTIFS('流水帐（会议记录）'!$K:$K,"V",'流水帐（会议记录）'!$H:$H,D$1) -> 0 | E2: =COUNTIFS('流水帐（会议记录）'!$K:$K,"V",'流水帐（会议记录）'!$H:$H,E$1) -> 0 | F2: =COUNTIFS('流水帐（会议记录）'!$K:$K,"V",'流水帐（会议记录）'!$H:$H,F$1) -> 0 | G2: =COUNTIFS('流水帐（会议记录）'!$K:$K,"V",'流水帐（会议记录）'!$H:$H,G$1) -> 0 | H2: =COUNTIFS('流水帐（会议记录）'!$K:$K,"V",'流水帐（会议记录）'!$H:$H,H$1) -> 0 | I2: =COUNTIFS('流水帐（会议记录）'!$K:$K,"V",'流水帐（会议记录）'!$H:$H,I$1) -> 0 | ... AF2: =COUNTIFS('流水帐（会议记录）'!$K:$K,"V",'流水帐（会议记录）'!$H:$H,AF$1) -> 0 | AG2: =SUM(B2:AF2) -> 0
A3: 日稽核X | B3: =COUNTIFS('流水帐（会议记录）'!$K:$K,"X",'流水帐（会议记录）'!$H:$H,B$1) -> 0 | C3: =COUNTIFS('流水帐（会议记录）'!$K:$K,"X",'流水帐（会议记录）'!$H:$H,C$1) -> 0 | D3: =COUNTIFS('流水帐（会议记录）'!$K:$K,"X",'流水帐（会议记录）'!$H:$H,D$1) -> 0 | E3: =COUNTIFS('流水帐（会议记录）'!$K:$K,"X",'流水帐（会议记录）'!$H:$H,E$1) -> 0 | F3: =COUNTIFS('流水帐（会议记录）'!$K:$K,"X",'流水帐（会议记录）'!$H:$H,F$1) -> 0 | G3: =COUNTIFS('流水帐（会议记录）'!$K:$K,"X",'流水帐（会议记录）'!$H:$H,G$1) -> 0 | H3: =COUNTIFS('流水帐（会议记录）'!$K:$K,"X",'流水帐（会议记录）'!$H:$H,H$1) -> 0 | I3: =COUNTIFS('流水帐（会议记录）'!$K:$K,"X",'流水帐（会议记录）'!$H:$H,I$1) -> 0 | ... AF3: =COUNTIFS('流水帐（会议记录）'!$K:$K,"X",'流水帐（会议记录）'!$H:$H,AF$1) -> 0 | AG3: =SUM(B3:AF3) -> 0
A4: 日达成率 | B4: =IFERROR(B2/(B2+B3),"无") -> 无 | C4: =IFERROR(C2/(C2+C3),"无") -> 无 | D4: =IFERROR(D2/(D2+D3),"无") -> 无 | E4: =IFERROR(E2/(E2+E3),"无") -> 无 | F4: =IFERROR(F2/(F2+F3),"无") -> 无 | G4: =IFERROR(G2/(G2+G3),"无") -> 无 | H4: =IFERROR(H2/(H2+H3),"无") -> 无 | I4: =IFERROR(I2/(I2+I3),"无") -> 无 | ... AF4: =IFERROR(AF2/(AF2+AF3),"无") -> 无 | AG4: =AG2/(AG2+AG3) -> #DIV/0!

Sheet 会议达成统计（周、月、年）
A1: 排名 | B1: 责任人 | C1: 周次 | D1: 16 | E1: 统计 | G1: 月次 | H1: 4 | I1: 统计 | K1: 累积数据统计 | O1: 黄色部分输入周次月次，自动生成，手动排序
C2: 周稽核V | D2: 周稽核X | E2: 周达成率 | F2: 周排序分 | G2: 月稽核V | H2: 月稽核X | I2: 月达成率 | J2: 月排序分 | K2: 稽核V | L2: 稽核X | M2: 总达成率 | N2: 累积排序 | O2: 红色标识为低于或等于平均分
A3: =ROW()-2 -> 1 | B3: 虞奕 | C3: =COUNTIFS('流水帐（会议记录）'!$K:$K,"V",'流水帐（会议记录）'!$J:$J,$B3,'流水帐（会议记录）'!$O:$O,$D$1) -> 0 | D3: =COUNTIFS('流水帐（会议记录）'!$K:$K,"X",'流水帐（会议记录）'!$J:$J,$B3,'流水帐（会议记录）'!$O:$O,$D$1) -> 0 | E3: =IFERROR(C3/(C3+D3),"本周无稽核") -> 本周无稽核 | F3: =IFERROR(E3*C3,0) -> 0 | G3: {=SUMPRODUCT(('流水帐（会议记录）'!$J$2:$J$9026=B3)*('流水帐（会议记录）'!$K$2:$K$9026="V")*(MONTH('流水帐（会议记录）'!$H$2:$H$9026)=$H$1)*1)} -> 0 | H3: {=SUMPRODUCT(('流水帐（会议记录）'!$J$2:$J$9026=$B3)*('流水帐（会议记录）'!$K$2:$K$9026="X")*(MONTH('流水帐（会议记录）'!$H$2:$H$9026)=$H$1)*1)} -> 0 | I3: =IFERROR(G3/(G3+H3),"本月无稽核") -> 本月无稽核 | J3: =IFERROR(I3*G3,0) -> 0 | K3: =COUNTIFS('流水帐（会议记录）'!$K:$K,"V",'流水帐（会议记录）'!$J:$J,$B3) -> 0 | L3: =COUNTIFS('流水帐（会议记录）'!$K:$K,"X",'流水帐（会议记录）'!$J:$J,$B3) -> 0 | M3: =K3/(K3+L3) -> #DIV/0! | N3: =M3*K3 -> #DIV/0!
A4: =ROW()-2 -> 2 | B4: 廖新平 | C4: =COUNTIFS('流水帐（会议记录）'!$K:$K,"V",'流水帐（会议记录）'!$J:$J,$B4,'流水帐（会议记录）'!$O:$O,$D$1) -> 0 | D4: =COUNTIFS('流水帐（会议记录）'!$K:$K,"X",'流水帐（会议记录）'!$J:$J,$B4,'流水帐（会议记录）'!$O:$O,$D$1) -> 0 | E4: =IFERROR(C4/(C4+D4),"本周无稽核") -> 本周无稽核 | F4: =IFERROR(E4*C4,0) -> 0 | G4: {=SUMPRODUCT(('流水帐（会议记录）'!$J$2:$J$9026=B4)*('流水帐（会议记录）'!$K$2:$K$9026="V")*(MONTH('流水帐（会议记录）'!$H$2:$H$9026)=$H$1)*1)} -> 0 | H4: {=SUMPRODUCT(('流水帐（会议记录）'!$J$2:$J$9026=$B4)*('流水帐（会议记录）'!$K$2:$K$9026="X")*(MONTH('流水帐（会议记录）'!$H$2:$H$9026)=$H$1)*1)} -> 0 | I4: =IFERROR(G4/(G4+H4),"本月无稽核") -> 本月无稽核 | J4: =IFERROR(I4*G4,0) -> 0 | K4: =COUNTIFS('流水帐（会议记录）'!$K:$K,"V",'流水帐（会议记录）'!$J:$J,$B4) -> 0 | L4: =COUNTIFS('流水帐（会议记录）'!$K:$K,"X",'流水帐（会议记录）'!$J:$J,$B4) -> 0 | M4: =IFERROR(K4/(K4+L4),"本年无稽核") -> 本年无稽核 | N4: =IFERROR(M4*K4,0) -> 0
A5: =ROW()-2 -> 3 | B5: 罗永胜 | C5: =COUNTIFS('流水帐（会议记录）'!$K:$K,"V",'流水帐（会议记录）'!$J:$J,$B5,'流水帐（会议记录）'!$O:$O,$D$1) -> 0 | D5: =COUNTIFS('流水帐（会议记录）'!$K:$K,"X",'流水帐（会议记录）'!$J:$J,$B5,'流水帐（会议记录）'!$O:$O,$D$1) -> 0 | E5: =IFERROR(C5/(C5+D5),"本周无稽核") -> 本周无稽核 | F5: =IFERROR(E5*C5,0) -> 0 | G5: {=SUMPRODUCT(('流水帐（会议记录）'!$J$2:$J$9026=B5)*('流水帐（会议记录）'!$K$2:$K$9026="V")*(MONTH('流水帐（会议记录）'!$H$2:$H$9026)=$H$1)*1)} -> 0 | H5: {=SUMPRODUCT(('流水帐（会议记录）'!$J$2:$J$9026=$B5)*('流水帐（会议记录）'!$K$2:$K$9026="X")*(MONTH('流水帐（会议记录）'!$H$2:$H$9026)=$H$1)*1)} -> 0 | I5: =IFERROR(G5/(G5+H5),"本月无稽核") -> 本月无稽核 | J5: =IFERROR(I5*G5,0) -> 0 | K5: =COUNTIFS('流水帐（会议记录）'!$K:$K,"V",'流水帐（会议记录）'!$J:$J,$B5) -> 0 | L5: =COUNTIFS('流水帐（会议记录）'!$K:$K,"X",'流水帐（会议记录）'!$J:$J,$B5) -> 0 | M5: =IFERROR(K5/(K5+L5),"本年无稽核") -> 本年无稽核 | N5: =IFERROR(M5*K5,0) -> 0
A6: =ROW()-2 -> 4 | B6: 朱燕迪 | C6: =COUNTIFS('流水帐（会议记录）'!$K:$K,"V",'流水帐（会议记录）'!$J:$J,$B6,'流水帐（会议记录）'!$O:$O,$D$1) -> 0 | D6: =COUNTIFS('流水帐（会议记录）'!$K:$K,"X",'流水帐（会议记录）'!$J:$J,$B6,'流水帐（会议记录）'!$O:$O,$D$1) -> 0 | E6: =IFERROR(C6/(C6+D6),"本周无稽核") -> 本周无稽核 | F6: =IFERROR(E6*C6,0) -> 0 | G6: {=SUMPRODUCT(('流水帐（会议记录）'!$J$2:$J$9026=B6)*('流水帐（会议记录）'!$K$2:$K$9026="V")*(MONTH('流水帐（会议记录）'!$H$2:$H$9026)=$H$1)*1)} -> 0 | H6: {=SUMPRODUCT(('流水帐（会议记录）'!$J$2:$J$9026=$B6)*('流水帐（会议记录）'!$K$2:$K$9026="X")*(MONTH('流水帐（会议记录）'!$H$2:$H$9026)=$H$1)*1)} -> 0 | I6: =IFERROR(G6/(G6+H6),"本月无稽核") -> 本月无稽核 | J6: =IFERROR(I6*G6,0) -> 0 | K6: =COUNTIFS('流水帐（会议记录）'!$K:$K,"V",'流水帐（会议记录）'!$J:$J,$B6) -> 0 | L6: =COUNTIFS('流水帐（会议记录）'!$K:$K,"X",'流水帐（会议记录）'!$J:$J,$B6) -> 0 | M6: =IFERROR(K6/(K6+L6),"本年无稽核") -> 本年无稽核 | N6: =IFERROR(M6*K6,0) -> 0
A7: =ROW()-2 -> 5 | B7: 许景 | C7: =COUNTIFS('流水帐（会议记录）'!$K:$K,"V",'流水帐（会议记录）'!$J:$J,$B7,'流水帐（会议记录）'!$O:$O,$D$1) -> 0 | D7: =COUNTIFS('流水帐（会议记录）'!$K:$K,"X",'流水帐（会议记录）'!$J:$J,$B7,'流水帐（会议记录）'!$O:$O,$D$1) -> 0 | E7: =IFERROR(C7/(C7+D7),"本周无稽核") -> 本周无稽核 | F7: =IFERROR(E7*C7,0) -> 0 | G7: {=SUMPRODUCT(('流水帐（会议记录）'!$J$2:$J$9026=B7)*('流水帐（会议记录）'!$K$2:$K$9026="V")*(MONTH('流水帐（会议记录）'!$H$2:$H$9026)=$H$1)*1)} -> 0 | H7: {=SUMPRODUCT(('流水帐（会议记录）'!$J$2:$J$9026=$B7)*('流水帐（会议记录）'!$K$2:$K$9026="X")*(MONTH('流水帐（会议记录）'!$H$2:$H$9026)=$H$1)*1)} -> 0 | I7: =IFERROR(G7/(G7+H7),"本月无稽核") -> 本月无稽核 | J7: =IFERROR(I7*G7,0) -> 0 | K7: =COUNTIFS('流水帐（会议记录）'!$K:$K,"V",'流水帐（会议记录）'!$J:$J,$B7) -> 0 | L7: =COUNTIFS('流水帐（会议记录）'!$K:$K,"X",'流水帐（会议记录）'!$J:$J,$B7) -> 0 | M7: =IFERROR(K7/(K7+L7),"本年无稽核") -> 本年无稽核 | N7: =IFERROR(M7*K7,0) -> 0
A8: =ROW()-2 -> 6 | B8: 魏李丹 | C8: =COUNTIFS('流水帐（会议记录）'!$K:$K,"V",'流水帐（会议记录）'!$J:$J,$B8,'流水帐（会议记录）'!$O:$O,$D$1) -> 0 | D8: =COUNTIFS('流水帐（会议记录）'!$K:$K,"X",'流水帐（会议记录）'!$J:$J,$B8,'流水帐（会议记录）'!$O:$O,$D$1) -> 0 | E8: =IFERROR(C8/(C8+D8),"本周无稽核") -> 本周无稽核 | F8: =IFERROR(E8*C8,0) -> 0 | G8: {=SUMPRODUCT(('流水帐（会议记录）'!$J$2:$J$9026=B8)*('流水帐（会议记录）'!$K$2:$K$9026="V")*(MONTH('流水帐（会议记录）'!$H$2:$H$9026)=$H$1)*1)} -> 0 | H8: {=SUMPRODUCT(('流水帐（会议记录）'!$J$2:$J$9026=$B8)*('流水帐（会议记录）'!$K$2:$K$9026="X")*(MONTH('流水帐（会议记录）'!$H$2:$H$9026)=$H$1)*1)} -> 0 | I8: =IFERROR(G8/(G8+H8),"本月无稽核") -> 本月无稽核 | J8: =IFERROR(I8*G8,0) -> 0 | K8: =COUNTIFS('流水帐（会议记录）'!$K:$K,"V",'流水帐（会议记录）'!$J:$J,$B8) -> 0 | L8: =COUNTIFS('流水帐（会议记录）'!$K:$K,"X",'流水帐（会议记录）'!$J:$J,$B8) -> 0 | M8: =IFERROR(K8/(K8+L8),"本年无稽核") -> 本年无稽核 | N8: =IFERROR(M8*K8,0) -> 0
A9: =ROW()-2 -> 7 | B9: 金辉 | C9: =COUNTIFS('流水帐（会议记录）'!$K:$K,"V",'流水帐（会议记录）'!$J:$J,$B9,'流水帐（会议记录）'!$O:$O,$D$1) -> 0 | D9: =COUNTIFS('流水帐（会议记录）'!$K:$K,"X",'流水帐（会议记录）'!$J:$J,$B9,'流水帐（会议记录）'!$O:$O,$D$1) -> 0 | E9: =IFERROR(C9/(C9+D9),"本周无稽核") -> 本周无稽核 | F9: =IFERROR(E9*C9,0) -> 0 | G9: {=SUMPRODUCT(('流水帐（会议记录）'!$J$2:$J$9026=B9)*('流水帐（会议记录）'!$K$2:$K$9026="V")*(MONTH('流水帐（会议记录）'!$H$2:$H$9026)=$H$1)*1)} -> 0 | H9: {=SUMPRODUCT(('流水帐（会议记录）'!$J$2:$J$9026=$B9)*('流水帐（会议记录）'!$K$2:$K$9026="X")*(MONTH('流水帐（会议记录）'!$H$2:$H$9026)=$H$1)*1)} -> 0 | I9: =IFERROR(G9/(G9+H9),"本月无稽核") -> 本月无稽核 | J9: =IFERROR(I9*G9,0) -> 0 | K9: =COUNTIFS('流水帐（会议记录）'!$K:$K,"V",'流水帐（会议记录）'!$J:$J,$B9) -> 0 | L9: =COUNTIFS('流水帐（会议记录）'!$K:$K,"X",'流水帐（会议记录）'!$J:$J,$B9) -> 0 | M9: =IFERROR(K9/(K9+L9),"本年无稽核") -> 本年无稽核 | N9: =IFERROR(M9*K9,0) -> 0
A10: =ROW()-2 -> 8 | B10: 虞周峰 | C10: =COUNTIFS('流水帐（会议记录）'!$K:$K,"V",'流水帐（会议记录）'!$J:$J,$B10,'流水帐（会议记录）'!$O:$O,$D$1) -> 0 | D10: =COUNTIFS('流水帐（会议记录）'!$K:$K,"X",'流水帐（会议记录）'!$J:$J,$B10,'流水帐（会议记录）'!$O:$O,$D$1) -> 0 | E10: =IFERROR(C10/(C10+D10),"本周无稽核") -> 本周无稽核 | F10: =IFERROR(E10*C10,0) -> 0 | G10: {=SUMPRODUCT(('流水帐（会议记录）'!$J$2:$J$9026=B10)*('流水帐（会议记录）'!$K$2:$K$9026="V")*(MONTH('流水帐（会议记录）'!$H$2:$H$9026)=$H$1)*1)} -> 0 | H10: {=SUMPRODUCT(('流水帐（会议记录）'!$J$2:$J$9026=$B10)*('流水帐（会议记录）'!$K$2:$K$9026="X")*(MONTH('流水帐（会议记录）'!$H$2:$H$9026)=$H$1)*1)} -> 0 | I10: =IFERROR(G10/(G10+H10),"本月无稽核") -> 本月无稽核 | J10: =IFERROR(I10*G10,0) -> 0 | K10: =COUNTIFS('流水帐（会议记录）'!$K:$K,"V",'流水帐（会议记录）'!$J:$J,$B10) -> 0 | L10: =COUNTIFS('流水帐（会议记录）'!$K:$K,"X",'流水帐（会议记录）'!$J:$J,$B10) -> 0 | M10: =IFERROR(K10/(K10+L10),"本年无稽核") -> 本年无稽核 | N10: =IFERROR(M10*K10,0) -> 0
A11: =ROW()-2 -> 9 | B11: 李玉英 | C11: =COUNTIFS('流水帐（会议记录）'!$K:$K,"V",'流水帐（会议记录）'!$J:$J,$B11,'流水帐（会议记录）'!$O:$O,$D$1) -> 0 | D11: =COUNTIFS('流水帐（会议记录）'!$K:$K,"X",'流水帐（会议记录）'!$J:$J,$B11,'流水帐（会议记录）'!$O:$O,$D$1) -> 0 | E11: =IFERROR(C11/(C11+D11),"本周无稽核") -> 本周无稽核 | F11: =IFERROR(E11*C11,0) -> 0 | G11: {=SUMPRODUCT(('流水帐（会议记录）'!$J$2:$J$9026=B11)*('流水帐（会议记录）'!$K$2:$K$9026="V")*(MONTH('流水帐（会议记录）'!$H$2:$H$9026)=$H$1)*1)} -> 0 | H11: {=SUMPRODUCT(('流水帐（会议记录）'!$J$2:$J$9026=$B11)*('流水帐（会议记录）'!$K$2:$K$9026="X")*(MONTH('流水帐（会议记录）'!$H$2:$H$9026)=$H$1)*1)} -> 0 | I11: =IFERROR(G11/(G11+H11),"本月无稽核") -> 本月无稽核 | J11: =IFERROR(I11*G11,0) -> 0 | K11: =COUNTIFS('流水帐（会议记录）'!$K:$K,"V",'流水帐（会议记录）'!$J:$J,$B11) -> 0 | L11: =COUNTIFS('流水帐（会议记录）'!$K:$K,"X",'流水帐（会议记录）'!$J:$J,$B11) -> 0 | M11: =IFERROR(K11/(K11+L11),"本年无稽核") -> 本年无稽核 | N11: =IFERROR(M11*K11,0) -> 0
A12: =ROW()-2 -> 10 | B12: 罗旋 | C12: =COUNTIFS('流水帐（会议记录）'!$K:$K,"V",'流水帐（会议记录）'!$J:$J,$B12,'流水帐（会议记录）'!$O:$O,$D$1) -> 0 | D12: =COUNTIFS('流水帐（会议记录）'!$K:$K,"X",'流水帐（会议记录）'!$J:$J,$B12,'流水帐（会议记录）'!$O:$O,$D$1) -> 0 | E12: =IFERROR(C12/(C12+D12),"本周无稽核") -> 本周无稽核 | F12: =IFERROR(E12*C12,0) -> 0 | G12: {=SUMPRODUCT(('流水帐（会议记录）'!$J$2:$J$9026=B12)*('流水帐（会议记录）'!$K$2:$K$9026="V")*(MONTH('流水帐（会议记录）'!$H$2:$H$9026)=$H$1)*1)} -> 0 | H12: {=SUMPRODUCT(('流水帐（会议记录）'!$J$2:$J$9026=$B12)*('流水帐（会议记录）'!$K$2:$K$9026="X")*(MONTH('流水帐（会议记录）'!$H$2:$H$9026)=$H$1)*1)} -> 0 | I12: =IFERROR(G12/(G12+H12),"本月无稽核") -> 本月无稽核 | J12: =IFERROR(I12*G12,0) -> 0 | K12: =COUNTIFS('流水帐（会议记录）'!$K:$K,"V",'流水帐（会议记录）'!$J:$J,$B12) -> 0 | L12: =COUNTIFS('流水帐（会议记录）'!$K:$K,"X",'流水帐（会议记录）'!$J:$J,$B12) -> 0 | M12: =IFERROR(K12/(K12+L12),"本年无稽核") -> 本年无稽核 | N12: =IFERROR(M12*K12,0) -> 0
A13: =ROW()-2 -> 11 | B13: 裘璐 | C13: =COUNTIFS('流水帐（会议记录）'!$K:$K,"V",'流水帐（会议记录）'!$J:$J,$B13,'流水帐（会议记录）'!$O:$O,$D$1) -> 0 | D13: =COUNTIFS('流水帐（会议记录）'!$K:$K,"X",'流水帐（会议记录）'!$J:$J,$B13,'流水帐（会议记录）'!$O:$O,$D$1) -> 0 | E13: =IFERROR(C13/(C13+D13),"本周无稽核") -> 本周无稽核 | F13: =IFERROR(E13*C13,0) -> 0 | G13: {=SUMPRODUCT(('流水帐（会议记录）'!$J$2:$J$9026=B13)*('流水帐（会议记录）'!$K$2:$K$9026="V")*(MONTH('流水帐（会议记录）'!$H$2:$H$9026)=$H$1)*1)} -> 0 | H13: {=SUMPRODUCT(('流水帐（会议记录）'!$J$2:$J$9026=$B13)*('流水帐（会议记录）'!$K$2:$K$9026="X")*(MONTH('流水帐（会议记录）'!$H$2:$H$9026)=$H$1)*1)} -> 0 | I13: =IFERROR(G13/(G13+H13),"本月无稽核") -> 本月无稽核 | J13: =IFERROR(I13*G13,0) -> 0 | K13: =COUNTIFS('流水帐（会议记录）'!$K:$K,"V",'流水帐（会议记录）'!$J:$J,$B13) -> 0 | L13: =COUNTIFS('流水帐（会议记录）'!$K:$K,"X",'流水帐（会议记录）'!$J:$J,$B13) -> 0 | M13: =IFERROR(K13/(K13+L13),"本年无稽核") -> 本年无稽核 | N13: =IFERROR(M13*K13,0) -> 0
A14: =ROW()-2 -> 12 | B14: 王栌鑫 | C14: =COUNTIFS('流水帐（会议记录）'!$K:$K,"V",'流水帐（会议记录）'!$J:$J,$B14,'流水帐（会议记录）'!$O:$O,$D$1) -> 0 | D14: =COUNTIFS('流水帐（会议记录）'!$K:$K,"X",'流水帐（会议记录）'!$J:$J,$B14,'流水帐（会议记录）'!$O:$O,$D$1) -> 0 | E14: =IFERROR(C14/(C14+D14),"本周无稽核") -> 本周无稽核 | F14: =IFERROR(E14*C14,0) -> 0 | G14: {=SUMPRODUCT(('流水帐（会议记录）'!$J$2:$J$9026=B14)*('流水帐（会议记录）'!$K$2:$K$9026="V")*(MONTH('流水帐（会议记录）'!$H$2:$H$9026)=$H$1)*1)} -> 0 | H14: {=SUMPRODUCT(('流水帐（会议记录）'!$J$2:$J$9026=$B14)*('流水帐（会议记录）'!$K$2:$K$9026="X")*(MONTH('流水帐（会议记录）'!$H$2:$H$9026)=$H$1)*1)} -> 0 | I14: =IFERROR(G14/(G14+H14),"本月无稽核") -> 本月无稽核 | J14: =IFERROR(I14*G14,0) -> 0 | K14: =COUNTIFS('流水帐（会议记录）'!$K:$K,"V",'流水帐（会议记录）'!$J:$J,$B14) -> 0 | L14: =COUNTIFS('流水帐（会议记录）'!$K:$K,"X",'流水帐（会议记录）'!$J:$J,$B14) -> 0 | M14: =IFERROR(K14/(K14+L14),"本年无稽核") -> 本年无稽核 | N14: =IFERROR(M14*K14,0) -> 0
A15: =ROW()-2 -> 13 | B15: 沈旭挺 | C15: =COUNTIFS('流水帐（会议记录）'!$K:$K,"V",'流水帐（会议记录）'!$J:$J,$B15,'流水帐（会议记录）'!$O:$O,$D$1) -> 0 | D15: =COUNTIFS('流水帐（会议记录）'!$K:$K,"X",'流水帐（会议记录）'!$J:$J,$B15,'流水帐（会议记录）'!$O:$O,$D$1) -> 0 | E15: =IFERROR(C15/(C15+D15),"本周无稽核") -> 本周无稽核 | F15: =IFERROR(E15*C15,0) -> 0 | G15: {=SUMPRODUCT(('流水帐（会议记录）'!$J$2:$J$9026=B15)*('流水帐（会议记录）'!$K$2:$K$9026="V")*(MONTH('流水帐（会议记录）'!$H$2:$H$9026)=$H$1)*1)} -> 1 | H15: {=SUMPRODUCT(('流水帐（会议记录）'!$J$2:$J$9026=$B15)*('流水帐（会议记录）'!$K$2:$K$9026="X")*(MONTH('流水帐（会议记录）'!$H$2:$H$9026)=$H$1)*1)} -> 0 | I15: =IFERROR(G15/(G15+H15),"本月无稽核") -> 1 | J15: =IFERROR(I15*G15,0) -> 1 | K15: =COUNTIFS('流水帐（会议记录）'!$K:$K,"V",'流水帐（会议记录）'!$J:$J,$B15) -> 1 | L15: =COUNTIFS('流水帐（会议记录）'!$K:$K,"X",'流水帐（会议记录）'!$J:$J,$B15) -> 0 | M15: =IFERROR(K15/(K15+L15),"本年无稽核") -> 1 | N15: =IFERROR(M15*K15,0) -> 1
A16: =ROW()-2 -> 14 | B16: 孙周杰 | C16: =COUNTIFS('流水帐（会议记录）'!$K:$K,"V",'流水帐（会议记录）'!$J:$J,$B16,'流水帐（会议记录）'!$O:$O,$D$1) -> 0 | D16: =COUNTIFS('流水帐（会议记录）'!$K:$K,"X",'流水帐（会议记录）'!$J:$J,$B16,'流水帐（会议记录）'!$O:$O,$D$1) -> 0 | E16: =IFERROR(C16/(C16+D16),"本周无稽核") -> 本周无稽核 | F16: =IFERROR(E16*C16,0) -> 0 | G16: {=SUMPRODUCT(('流水帐（会议记录）'!$J$2:$J$9026=B16)*('流水帐（会议记录）'!$K$2:$K$9026="V")*(MONTH('流水帐（会议记录）'!$H$2:$H$9026)=$H$1)*1)} -> 0 | H16: {=SUMPRODUCT(('流水帐（会议记录）'!$J$2:$J$9026=$B16)*('流水帐（会议记录）'!$K$2:$K$9026="X")*(MONTH('流水帐（会议记录）'!$H$2:$H$9026)=$H$1)*1)} -> 0 | I16: =IFERROR(G16/(G16+H16),"本月无稽核") -> 本月无稽核 | J16: =IFERROR(I16*G16,0) -> 0 | K16: =COUNTIFS('流水帐（会议记录）'!$K:$K,"V",'流水帐（会议记录）'!$J:$J,$B16) -> 0 | L16: =COUNTIFS('流水帐（会议记录）'!$K:$K,"X",'流水帐（会议记录）'!$J:$J,$B16) -> 0 | M16: =IFERROR(K16/(K16+L16),"本年无稽核") -> 本年无稽核 | N16: =IFERROR(M16*K16,0) -> 0

Sheet 流水帐（会议记录）
A1: 年份 | B1: 周序 | C1: 部门 | D1: 类别 | E1: 日期 | F1: 提出人 | G1: 提议内容 | H1: 节点 | I1: 部门 | J1: 责任人 | K1: 稽核 | L1: 评分 | M1: 立项 | N1: 月份 | O1: 周序 | P1: 稽核证据和跟进记录
A2: =YEAR(E2) -> 2023 | B2: =WEEKNUM(E2) -> 11 | C2: 总经办 | D2: 协调会 | E2: 45003 | F2: 朱剑军 | G2: 4月份开始在精益车间开始执行问题显在化看板 | H2: 45017 | I2: 精益 | J2: 沈旭挺 | K2: V | L2: =IF(K2="V","1",IF(K2="X","-1",0)) -> 1 | N2: =MONTH(H2) -> 4 | O2: =WEEKNUM(H2) -> 13
P350: 星空太阳能灯项目
P355: 星空太阳能灯项目
P365: 星空太阳能灯项目
P475: 星空太阳能灯项目

Sheet 基准数据库
A1: 协调会 | B1: 总经办 | C1: 朱剑军
A2: 总经办 | B2: 品质 | C2: 沈旭挺
A3: 点检会 | B3: 装配 | C3: 李玉英
A4: 样品专题会 | B4: 采购 | C4: 廖新平
A5: 电商团队复盘 | B5: 计划 | C5: 罗旋
A6: 企微提出 | B6: 指导老师 | C6: 刘老师
A7: 净需求专题会 | B7: 销售 | C7: 沈旭日
A8: 样品 | B8: 前道 | C8: 金辉
A9: 任务书 | B9: 光电 | C9: 罗永胜
B10: 工程 | C10: 朱燕迪
B11: 稽核 | C11: 谢艳艳
B12: 精益 | C12: 刘志昂
B13: 物控 | C13: 贾余丽
B14: 销二 | C14: 沈建凯
B15: 项目组 | C15: 虞奕
B16: 销一 | C16: 裘璐
C17: 虞周峰
C18: 王栌鑫
C19: 孙周杰
C20: 魏李丹
C21: 包跃
C22: 戎双娇
C23: 唐沈芝
C24: 姚勇
